{
  "model": "LogisticRegression",
  "accuracy": 0.802846975088968,
  "precision": 0.6621160409556314,
  "recall": 0.521505376344086,
  "f1": 0.5834586466165412,
  "roc_auc": 0.8403113907712165
}